Country Name,Country Code,Series Name,Series Code,2015 [YR2015],2016 [YR2016],2017 [YR2017],2018 [YR2018],2019 [YR2019]
Afghanistan,AFG,Global: Ease of doing business score (DB17-20 methodology),IC.BUS.EASE.DFRN.XQ.DB1719,39.25519,38.93563,37.13062,44.20343,44.06497
Albania,ALB,Global: Ease of doing business score (DB17-20 methodology),IC.BUS.EASE.DFRN.XQ.DB1719,58.07559,64.16093,66.8377,66.99561,67.74847
Algeria,DZA,Global: Ease of doing business score (DB17-20 methodology),IC.BUS.EASE.DFRN.XQ.DB1719,44.2486,46.10981,46.22686,48.49803,48.59758
Angola,AGO,Global: Ease of doing business score (DB17-20 methodology),IC.BUS.EASE.DFRN.XQ.DB1719,37.57368,37.65132,39.00774,41.20205,41.28838
Antigua and Barbuda,ATG,Global: Ease of doing business score (DB17-20 methodology),IC.BUS.EASE.DFRN.XQ.DB1719,59.23927,58.80632,59.79669,59.85514,60.28342
Argentina,ARG,Global: Ease of doing business score (DB17-20 methodology),IC.BUS.EASE.DFRN.XQ.DB1719,56.73295,57.2443,57.31005,58.18388,58.96151
Armenia,ARM,Global: Ease of doing business score (DB17-20 methodology),IC.BUS.EASE.DFRN.XQ.DB1719,69.1418,70.63154,71.49433,73.19187,74.49401
Australia,AUS,Global: Ease of doing business score (DB17-20 methodology),IC.BUS.EASE.DFRN.XQ.DB1719,80.38389,80.22369,80.76007,80.70552,81.21506
Austria,AUT,Global: Ease of doing business score (DB17-20 methodology),IC.BUS.EASE.DFRN.XQ.DB1719,78.81665,78.85646,78.70694,78.73995,78.74549
Azerbaijan,AZE,Global: Ease of doing business score (DB17-20 methodology),IC.BUS.EASE.DFRN.XQ.DB1719,65.7606,64.56339,67.13946,73.8979,78.50823
"Bahamas, The",BHS,Global: Ease of doing business score (DB17-20 methodology),IC.BUS.EASE.DFRN.XQ.DB1719,57.10881,56.94715,58.61968,59.38844,59.87155
Bahrain,BHR,Global: Ease of doing business score (DB17-20 methodology),IC.BUS.EASE.DFRN.XQ.DB1719,66.6415,68.7147,69.09366,70.13951,76.02665
Bangladesh,BGD,Global: Ease of doing business score (DB17-20 methodology),IC.BUS.EASE.DFRN.XQ.DB1719,40.90786,41.01625,41.5632,42.46602,45.04865
Barbados,BRB,Global: Ease of doing business score (DB17-20 methodology),IC.BUS.EASE.DFRN.XQ.DB1719,57.67895,57.76071,57.67127,57.6745,57.90615
Belarus,BLR,Global: Ease of doing business score (DB17-20 methodology),IC.BUS.EASE.DFRN.XQ.DB1719,68.72922,72.62337,73.57749,74.35306,74.29113
Belgium,BEL,Global: Ease of doing business score (DB17-20 methodology),IC.BUS.EASE.DFRN.XQ.DB1719,72.42806,72.4092,72.18146,74.74503,74.98904
Belize,BLZ,Global: Ease of doing business score (DB17-20 methodology),IC.BUS.EASE.DFRN.XQ.DB1719,55.36697,55.36968,55.27374,55.28901,55.47444
Benin,BEN,Global: Ease of doing business score (DB17-20 methodology),IC.BUS.EASE.DFRN.XQ.DB1719,48.65854,49.72104,51.57576,51.71272,52.40404
Bhutan,BTN,Global: Ease of doing business score (DB17-20 methodology),IC.BUS.EASE.DFRN.XQ.DB1719,64.86482,64.99022,65.7664,65.96848,65.97305
Bolivia,BOL,Global: Ease of doing business score (DB17-20 methodology),IC.BUS.EASE.DFRN.XQ.DB1719,49.75552,50.2251,50.97713,51.5617,51.65574
Bosnia and Herzegovina,BIH,Global: Ease of doing business score (DB17-20 methodology),IC.BUS.EASE.DFRN.XQ.DB1719,64.1284,64.83564,65.24652,65.37254,65.44253
Botswana,BWA,Global: Ease of doing business score (DB17-20 methodology),IC.BUS.EASE.DFRN.XQ.DB1719,65.48306,65.64189,65.71078,66.17048,66.1978
Brazil,BRA,Global: Ease of doing business score (DB17-20 methodology),IC.BUS.EASE.DFRN.XQ.DB1719,55.61506,55.22357,55.6207,58.59449,59.08307
Brunei Darussalam,BRN,Global: Ease of doing business score (DB17-20 methodology),IC.BUS.EASE.DFRN.XQ.DB1719,57.45747,62.85225,67.68007,69.63482,70.06387
Bulgaria,BGR,Global: Ease of doing business score (DB17-20 methodology),IC.BUS.EASE.DFRN.XQ.DB1719,72.46018,71.59242,71.69407,71.80724,71.97405
Burkina Faso,BFA,Global: Ease of doing business score (DB17-20 methodology),IC.BUS.EASE.DFRN.XQ.DB1719,50.6503,50.92322,51.15106,51.26807,51.40019
Burundi,BDI,Global: Ease of doing business score (DB17-20 methodology),IC.BUS.EASE.DFRN.XQ.DB1719,45.57052,45.68405,45.91224,46.47561,46.77393
Cabo Verde,CPV,Global: Ease of doing business score (DB17-20 methodology),IC.BUS.EASE.DFRN.XQ.DB1719,53.42938,53.40924,53.98064,54.00831,55.03925
Cambodia,KHM,Global: Ease of doing business score (DB17-20 methodology),IC.BUS.EASE.DFRN.XQ.DB1719,52.87481,53.15749,53.38889,53.7971,53.84483
Cameroon,CMR,Global: Ease of doing business score (DB17-20 methodology),IC.BUS.EASE.DFRN.XQ.DB1719,41.89121,41.7675,45.05227,46.00492,46.09974
Canada,CAN,Global: Ease of doing business score (DB17-20 methodology),IC.BUS.EASE.DFRN.XQ.DB1719,79.75597,79.54094,79.30059,79.6798,79.64043
Central African Republic,CAF,Global: Ease of doing business score (DB17-20 methodology),IC.BUS.EASE.DFRN.XQ.DB1719,32.01455,31.95495,32.35174,34.83372,35.56585
Chad,TCD,Global: Ease of doing business score (DB17-20 methodology),IC.BUS.EASE.DFRN.XQ.DB1719,35.29956,36.00847,35.52606,36.66065,36.93568
Chile,CHL,Global: Ease of doing business score (DB17-20 methodology),IC.BUS.EASE.DFRN.XQ.DB1719,71.17517,71.58185,71.951,72.32025,72.58023
China,CHN,Global: Ease of doing business score (DB17-20 methodology),IC.BUS.EASE.DFRN.XQ.DB1719,62.27669,63.79116,64.20096,73.30366,77.28424
Colombia,COL,Global: Ease of doing business score (DB17-20 methodology),IC.BUS.EASE.DFRN.XQ.DB1719,68.85918,69.1652,69.03524,69.24335,70.05964
Comoros,COM,Global: Ease of doing business score (DB17-20 methodology),IC.BUS.EASE.DFRN.XQ.DB1719,46.24941,46.37003,46.87233,47.01396,47.87291
"Congo, Dem. Rep.",COD,Global: Ease of doing business score (DB17-20 methodology),IC.BUS.EASE.DFRN.XQ.DB1719,34.35533,34.39028,34.57002,35.23313,36.20973
"Congo, Rep.",COG,Global: Ease of doing business score (DB17-20 methodology),IC.BUS.EASE.DFRN.XQ.DB1719,38.91712,38.45264,37.86014,38.22684,39.53359
Costa Rica,CRI,Global: Ease of doing business score (DB17-20 methodology),IC.BUS.EASE.DFRN.XQ.DB1719,67.67451,67.67937,69.30028,68.83187,69.2383
Côte d'Ivoire,CIV,Global: Ease of doing business score (DB17-20 methodology),IC.BUS.EASE.DFRN.XQ.DB1719,50.32956,50.95707,52.98796,58.34417,60.68796
Croatia,HRV,Global: Ease of doing business score (DB17-20 methodology),IC.BUS.EASE.DFRN.XQ.DB1719,71.35304,72.15494,72.60762,72.95462,73.62096
Cyprus,CYP,Global: Ease of doing business score (DB17-20 methodology),IC.BUS.EASE.DFRN.XQ.DB1719,71.95361,72.31415,72.28343,72.77735,73.35105
Czech Republic,CZE,Global: Ease of doing business score (DB17-20 methodology),IC.BUS.EASE.DFRN.XQ.DB1719,76.10923,76.38834,76.42162,76.322,76.34054
Denmark,DNK,Global: Ease of doing business score (DB17-20 methodology),IC.BUS.EASE.DFRN.XQ.DB1719,84.50938,84.59517,84.5806,85.17028,85.28856
Djibouti,DJI,Global: Ease of doing business score (DB17-20 methodology),IC.BUS.EASE.DFRN.XQ.DB1719,44.26206,47.15118,50.88048,58.38141,60.49674
Dominica,DMA,Global: Ease of doing business score (DB17-20 methodology),IC.BUS.EASE.DFRN.XQ.DB1719,61.48672,61.23575,61.66778,60.54557,60.54797
Dominican Republic,DOM,Global: Ease of doing business score (DB17-20 methodology),IC.BUS.EASE.DFRN.XQ.DB1719,57.90154,57.699,59.12432,59.32073,59.98867
Ecuador,ECU,Global: Ease of doing business score (DB17-20 methodology),IC.BUS.EASE.DFRN.XQ.DB1719,57.10316,57.52173,57.49538,57.6141,57.7227
"Egypt, Arab Rep.",EGY,Global: Ease of doing business score (DB17-20 methodology),IC.BUS.EASE.DFRN.XQ.DB1719,54.70209,55.47428,55.79763,58.51399,60.05364
El Salvador,SLV,Global: Ease of doing business score (DB17-20 methodology),IC.BUS.EASE.DFRN.XQ.DB1719,62.40213,62.65253,64.70983,64.92118,65.25247
Equatorial Guinea,GNQ,Global: Ease of doing business score (DB17-20 methodology),IC.BUS.EASE.DFRN.XQ.DB1719,40.02737,38.4902,40.26392,40.53653,41.05286
Eritrea,ERI,Global: Ease of doing business score (DB17-20 methodology),IC.BUS.EASE.DFRN.XQ.DB1719,20.92479,20.94464,21.37138,21.50372,21.5998
Estonia,EST,Global: Ease of doing business score (DB17-20 methodology),IC.BUS.EASE.DFRN.XQ.DB1719,80.53864,80.7042,80.76691,80.79339,80.61685
Eswatini,SWZ,Global: Ease of doing business score (DB17-20 methodology),IC.BUS.EASE.DFRN.XQ.DB1719,56.9378,58.37605,58.62573,58.71977,59.49273
Ethiopia,ETH,Global: Ease of doing business score (DB17-20 methodology),IC.BUS.EASE.DFRN.XQ.DB1719,43.78485,44.06311,46.14583,47.0561,47.97613
Fiji,FJI,Global: Ease of doing business score (DB17-20 methodology),IC.BUS.EASE.DFRN.XQ.DB1719,62.79354,61.26819,61.34481,61.38188,61.47892
Finland,FIN,Global: Ease of doing business score (DB17-20 methodology),IC.BUS.EASE.DFRN.XQ.DB1719,80.10477,80.09777,79.98436,80.04165,80.17834
France,FRA,Global: Ease of doing business score (DB17-20 methodology),IC.BUS.EASE.DFRN.XQ.DB1719,76.14755,76.25038,76.01011,76.77957,76.80465
Gabon,GAB,Global: Ease of doing business score (DB17-20 methodology),IC.BUS.EASE.DFRN.XQ.DB1719,44.02055,43.74227,44.68792,44.49778,45.0251
"Gambia, The",GMB,Global: Ease of doing business score (DB17-20 methodology),IC.BUS.EASE.DFRN.XQ.DB1719,46.23324,47.75618,47.75707,47.82604,50.29381
Georgia,GEO,Global: Ease of doing business score (DB17-20 methodology),IC.BUS.EASE.DFRN.XQ.DB1719,78.30005,80.79351,83.01189,83.4992,83.73393
Germany,DEU,Global: Ease of doing business score (DB17-20 methodology),IC.BUS.EASE.DFRN.XQ.DB1719,79.5005,79.5543,79.34962,79.34794,79.71004
Ghana,GHA,Global: Ease of doing business score (DB17-20 methodology),IC.BUS.EASE.DFRN.XQ.DB1719,56.99383,58.03559,58.37525,60.43442,59.96017
Greece,GRC,Global: Ease of doing business score (DB17-20 methodology),IC.BUS.EASE.DFRN.XQ.DB1719,66.92296,67.08976,67.11485,67.40997,68.42391
Grenada,GRD,Global: Ease of doing business score (DB17-20 methodology),IC.BUS.EASE.DFRN.XQ.DB1719,53.57188,53.41014,53.30874,53.37453,53.44488
Guatemala,GTM,Global: Ease of doing business score (DB17-20 methodology),IC.BUS.EASE.DFRN.XQ.DB1719,61.68036,61.95631,61.52534,62.53299,62.59562
Guinea,GIN,Global: Ease of doing business score (DB17-20 methodology),IC.BUS.EASE.DFRN.XQ.DB1719,44.33462,45.97639,46.71106,49.26216,49.42922
Guinea-Bissau,GNB,Global: Ease of doing business score (DB17-20 methodology),IC.BUS.EASE.DFRN.XQ.DB1719,40.43484,42.79794,42.91537,43.19038,43.23319
Guyana,GUY,Global: Ease of doing business score (DB17-20 methodology),IC.BUS.EASE.DFRN.XQ.DB1719,50.96896,56.35643,56.75682,55.59359,55.49196
Haiti,HTI,Global: Ease of doing business score (DB17-20 methodology),IC.BUS.EASE.DFRN.XQ.DB1719,37.67892,37.73652,37.74675,37.85895,40.72493
Honduras,HND,Global: Ease of doing business score (DB17-20 methodology),IC.BUS.EASE.DFRN.XQ.DB1719,56.12768,55.73586,55.88601,55.97099,56.26791
"Hong Kong, China",HKG,Global: Ease of doing business score (DB17-20 methodology),IC.BUS.EASE.DFRN.XQ.DB1719,84.32249,84.76059,85.04858,85.08628,85.3154
Hungary,HUN,Global: Ease of doing business score (DB17-20 methodology),IC.BUS.EASE.DFRN.XQ.DB1719,71.06578,71.3825,72.6828,73.23963,73.41584
Iceland,ISL,Global: Ease of doing business score (DB17-20 methodology),IC.BUS.EASE.DFRN.XQ.DB1719,78.97419,79.00524,78.99464,79.011,78.96154
India,IND,Global: Ease of doing business score (DB17-20 methodology),IC.BUS.EASE.DFRN.XQ.DB1719,54.52099,55.94046,60.9076,67.49639,71.04511
Indonesia,IDN,Global: Ease of doing business score (DB17-20 methodology),IC.BUS.EASE.DFRN.XQ.DB1719,62.11215,64.66011,66.86799,68.184,69.57879
"Iran, Islamic Rep.",IRN,Global: Ease of doing business score (DB17-20 methodology),IC.BUS.EASE.DFRN.XQ.DB1719,55.37743,55.70786,55.69678,58.63915,58.54658
Iraq,IRQ,Global: Ease of doing business score (DB17-20 methodology),IC.BUS.EASE.DFRN.XQ.DB1719,42.86367,44.14072,44.61783,44.65481,44.70443
Ireland,IRL,Global: Ease of doing business score (DB17-20 methodology),IC.BUS.EASE.DFRN.XQ.DB1719,79.79674,80.10484,80.10187,79.58999,79.57614
Israel,ISR,Global: Ease of doing business score (DB17-20 methodology),IC.BUS.EASE.DFRN.XQ.DB1719,72.99577,74.20098,74.34011,74.98013,76.67572
Italy,ITA,Global: Ease of doing business score (DB17-20 methodology),IC.BUS.EASE.DFRN.XQ.DB1719,71.68638,71.82565,73.19206,73.04291,72.85055
Jamaica,JAM,Global: Ease of doing business score (DB17-20 methodology),IC.BUS.EASE.DFRN.XQ.DB1719,66.18983,67.31221,67.72419,68.2738,69.67997
Japan,JPN,Global: Ease of doing business score (DB17-20 methodology),IC.BUS.EASE.DFRN.XQ.DB1719,77.52941,77.9374,78.01404,78.04159,77.99983
Jordan,JOR,Global: Ease of doing business score (DB17-20 methodology),IC.BUS.EASE.DFRN.XQ.DB1719,56.73912,57.0245,59.92558,61.28281,68.97453
Kazakhstan,KAZ,Global: Ease of doing business score (DB17-20 methodology),IC.BUS.EASE.DFRN.XQ.DB1719,70.91902,74.84879,76.87746,78.04085,79.55915
Kenya,KEN,Global: Ease of doing business score (DB17-20 methodology),IC.BUS.EASE.DFRN.XQ.DB1719,58.00993,62.79134,65.40809,70.97866,73.21648
Kiribati,KIR,Global: Ease of doing business score (DB17-20 methodology),IC.BUS.EASE.DFRN.XQ.DB1719,45.40564,46.74575,46.16176,46.76976,46.93884
"Korea, Rep.",KOR,Global: Ease of doing business score (DB17-20 methodology),IC.BUS.EASE.DFRN.XQ.DB1719,83.08952,83.96555,83.96525,83.96046,84.00083
Kosovo,XKX,Global: Ease of doing business score (DB17-20 methodology),IC.BUS.EASE.DFRN.XQ.DB1719,63.02811,64.90617,70.51486,71.04522,73.18473
Kuwait,KWT,Global: Ease of doing business score (DB17-20 methodology),IC.BUS.EASE.DFRN.XQ.DB1719,60.65525,59.96924,61.78943,62.56073,67.40473
Kyrgyz Republic,KGZ,Global: Ease of doing business score (DB17-20 methodology),IC.BUS.EASE.DFRN.XQ.DB1719,61.2702,61.31719,62.35959,65.41049,67.82089
Lao PDR,LAO,Global: Ease of doing business score (DB17-20 methodology),IC.BUS.EASE.DFRN.XQ.DB1719,48.20686,49.05728,49.98578,49.77807,50.82456
Latvia,LVA,Global: Ease of doing business score (DB17-20 methodology),IC.BUS.EASE.DFRN.XQ.DB1719,79.13397,80.59931,79.99279,80.31973,80.28054
Lebanon,LBN,Global: Ease of doing business score (DB17-20 methodology),IC.BUS.EASE.DFRN.XQ.DB1719,54.71496,54.46561,54.35106,54.42282,54.3316
Lesotho,LSO,Global: Ease of doing business score (DB17-20 methodology),IC.BUS.EASE.DFRN.XQ.DB1719,55.18767,58.01146,58.56005,58.68291,59.4294
Liberia,LBR,Global: Ease of doing business score (DB17-20 methodology),IC.BUS.EASE.DFRN.XQ.DB1719,39.95919,39.98301,43.58222,43.54307,43.22747
Libya,LBY,Global: Ease of doing business score (DB17-20 methodology),IC.BUS.EASE.DFRN.XQ.DB1719,32.61441,32.47692,32.50611,32.73696,32.68552
Liechtenstein,LIE,Global: Ease of doing business score (DB17-20 methodology),IC.BUS.EASE.DFRN.XQ.DB1719,..,..,..,64.85209,64.84421
Lithuania,LTU,Global: Ease of doing business score (DB17-20 methodology),IC.BUS.EASE.DFRN.XQ.DB1719,78.99313,79.21677,80.63462,80.95864,81.61948
Luxembourg,LUX,Global: Ease of doing business score (DB17-20 methodology),IC.BUS.EASE.DFRN.XQ.DB1719,69.15342,69.1733,69.58844,69.58703,69.6031
Madagascar,MDG,Global: Ease of doing business score (DB17-20 methodology),IC.BUS.EASE.DFRN.XQ.DB1719,41.89608,42.74769,46.38142,47.04235,47.72865
Malawi,MWI,Global: Ease of doing business score (DB17-20 methodology),IC.BUS.EASE.DFRN.XQ.DB1719,49.70961,53.22437,59.52076,60.362,60.9371
Malaysia,MYS,Global: Ease of doing business score (DB17-20 methodology),IC.BUS.EASE.DFRN.XQ.DB1719,78.60753,78.27291,78.77204,81.33541,81.47337
Maldives,MDV,Global: Ease of doing business score (DB17-20 methodology),IC.BUS.EASE.DFRN.XQ.DB1719,52.4375,52.38841,53.20063,53.2984,53.27453
Mali,MLI,Global: Ease of doing business score (DB17-20 methodology),IC.BUS.EASE.DFRN.XQ.DB1719,50.27763,52.61403,52.87624,53.12964,52.94472
Malta,MLT,Global: Ease of doing business score (DB17-20 methodology),IC.BUS.EASE.DFRN.XQ.DB1719,62.28109,64.77862,65.21409,65.4975,66.13941
Marshall Islands,MHL,Global: Ease of doing business score (DB17-20 methodology),IC.BUS.EASE.DFRN.XQ.DB1719,50.5639,50.90663,50.94163,50.93322,50.8911
Mauritania,MRT,Global: Ease of doing business score (DB17-20 methodology),IC.BUS.EASE.DFRN.XQ.DB1719,43.75791,46.88194,48.44839,49.37674,51.06288
Mauritius,MUS,Global: Ease of doing business score (DB17-20 methodology),IC.BUS.EASE.DFRN.XQ.DB1719,76.02546,76.48622,78.89594,80.33655,81.46811
Mexico,MEX,Global: Ease of doing business score (DB17-20 methodology),IC.BUS.EASE.DFRN.XQ.DB1719,71.64492,72.37307,72.53669,72.3064,72.35556
"Micronesia, Fed. Sts.",FSM,Global: Ease of doing business score (DB17-20 methodology),IC.BUS.EASE.DFRN.XQ.DB1719,48.09489,48.08887,48.10096,48.09786,48.10341
Moldova,MDA,Global: Ease of doing business score (DB17-20 methodology),IC.BUS.EASE.DFRN.XQ.DB1719,71.39344,72.5204,72.72602,73.12546,74.39091
Mongolia,MNG,Global: Ease of doing business score (DB17-20 methodology),IC.BUS.EASE.DFRN.XQ.DB1719,65.29449,66.1351,67.40642,67.67673,67.77262
Montenegro,MNE,Global: Ease of doing business score (DB17-20 methodology),IC.BUS.EASE.DFRN.XQ.DB1719,70.60633,71.22233,73.84108,73.70804,73.81891
Morocco,MAR,Global: Ease of doing business score (DB17-20 methodology),IC.BUS.EASE.DFRN.XQ.DB1719,67.39799,69.23623,69.21146,71.67294,73.38133
Mozambique,MOZ,Global: Ease of doing business score (DB17-20 methodology),IC.BUS.EASE.DFRN.XQ.DB1719,52.81247,52.06337,52.78803,54.56326,54.9955
Myanmar,MMR,Global: Ease of doing business score (DB17-20 methodology),IC.BUS.EASE.DFRN.XQ.DB1719,42.12121,42.67139,42.97482,43.4838,46.82775
Namibia,NAM,Global: Ease of doing business score (DB17-20 methodology),IC.BUS.EASE.DFRN.XQ.DB1719,60.04482,60.08295,61.10494,61.35142,61.35078
Nepal,NPL,Global: Ease of doing business score (DB17-20 methodology),IC.BUS.EASE.DFRN.XQ.DB1719,59.70833,58.02771,59.98159,59.65408,63.1866
Netherlands,NLD,Global: Ease of doing business score (DB17-20 methodology),IC.BUS.EASE.DFRN.XQ.DB1719,75.5221,75.57281,76.08463,76.09693,76.10376
New Zealand,NZL,Global: Ease of doing business score (DB17-20 methodology),IC.BUS.EASE.DFRN.XQ.DB1719,87.13471,87.16633,87.02213,87.00452,86.76465
Nicaragua,NIC,Global: Ease of doing business score (DB17-20 methodology),IC.BUS.EASE.DFRN.XQ.DB1719,54.11838,54.24718,54.17112,54.53967,54.38673
Niger,NER,Global: Ease of doing business score (DB17-20 methodology),IC.BUS.EASE.DFRN.XQ.DB1719,46.32429,49.32578,51.17303,52.3119,56.75932
Nigeria,NGA,Global: Ease of doing business score (DB17-20 methodology),IC.BUS.EASE.DFRN.XQ.DB1719,48.37466,48.47451,52.02699,53.40471,56.87589
North Macedonia,MKD,Global: Ease of doing business score (DB17-20 methodology),IC.BUS.EASE.DFRN.XQ.DB1719,77.91775,80.5866,80.33318,80.65175,80.74807
Norway,NOR,Global: Ease of doing business score (DB17-20 methodology),IC.BUS.EASE.DFRN.XQ.DB1719,81.83183,82.35614,82.65956,82.91579,82.62729
Oman,OMN,Global: Ease of doing business score (DB17-20 methodology),IC.BUS.EASE.DFRN.XQ.DB1719,66.34092,68.05891,68.57321,68.84249,69.98474
Pakistan,PAK,Global: Ease of doing business score (DB17-20 methodology),IC.BUS.EASE.DFRN.XQ.DB1719,50.36994,52.474,53.01708,55.45628,60.95491
Palau,PLW,Global: Ease of doing business score (DB17-20 methodology),IC.BUS.EASE.DFRN.XQ.DB1719,53.12112,53.19614,53.659,53.66252,53.69982
Panama,PAN,Global: Ease of doing business score (DB17-20 methodology),IC.BUS.EASE.DFRN.XQ.DB1719,64.72621,64.72195,66.46234,66.86797,66.56045
Papua New Guinea,PNG,Global: Ease of doing business score (DB17-20 methodology),IC.BUS.EASE.DFRN.XQ.DB1719,55.96186,59.33379,59.39568,59.37055,59.77357
Paraguay,PRY,Global: Ease of doing business score (DB17-20 methodology),IC.BUS.EASE.DFRN.XQ.DB1719,58.05094,57.97708,58.036,58.45116,59.05401
Peru,PER,Global: Ease of doing business score (DB17-20 methodology),IC.BUS.EASE.DFRN.XQ.DB1719,67.22451,67.5175,67.76048,68.27159,68.69658
Philippines,PHL,Global: Ease of doing business score (DB17-20 methodology),IC.BUS.EASE.DFRN.XQ.DB1719,58.23012,59.25872,59.33172,60.87374,62.82943
Poland,POL,Global: Ease of doing business score (DB17-20 methodology),IC.BUS.EASE.DFRN.XQ.DB1719,76.93009,77.68044,77.85723,76.93317,76.38122
Portugal,PRT,Global: Ease of doing business score (DB17-20 methodology),IC.BUS.EASE.DFRN.XQ.DB1719,76.36078,76.66433,76.50889,76.44344,76.46616
Puerto Rico,PRI,Global: Ease of doing business score (DB17-20 methodology),IC.BUS.EASE.DFRN.XQ.DB1719,68.67446,69.28139,69.82224,70.01875,70.06962
Qatar,QAT,Global: Ease of doing business score (DB17-20 methodology),IC.BUS.EASE.DFRN.XQ.DB1719,66.49467,65.41549,66.02767,66.70677,68.66573
Romania,ROU,Global: Ease of doing business score (DB17-20 methodology),IC.BUS.EASE.DFRN.XQ.DB1719,72.72233,72.85135,73.04132,72.51292,73.3332
Russian Federation,RUS,Global: Ease of doing business score (DB17-20 methodology),IC.BUS.EASE.DFRN.XQ.DB1719,74.09598,75.25999,76.54336,77.40044,78.16284
Rwanda,RWA,Global: Ease of doing business score (DB17-20 methodology),IC.BUS.EASE.DFRN.XQ.DB1719,67.05448,68.97118,71.07347,75.37431,76.48282
Samoa,WSM,Global: Ease of doing business score (DB17-20 methodology),IC.BUS.EASE.DFRN.XQ.DB1719,60.21082,60.03645,62.05797,62.06781,62.07404
San Marino,SMR,Global: Ease of doing business score (DB17-20 methodology),IC.BUS.EASE.DFRN.XQ.DB1719,61.37859,61.93725,61.8841,64.15819,64.19133
São Tomé and Principe,STP,Global: Ease of doing business score (DB17-20 methodology),IC.BUS.EASE.DFRN.XQ.DB1719,43.77009,44.2853,44.67002,44.97215,44.9711
Saudi Arabia,SAU,Global: Ease of doing business score (DB17-20 methodology),IC.BUS.EASE.DFRN.XQ.DB1719,59.16318,59.44422,62.08336,63.84761,70.87175
Senegal,SEN,Global: Ease of doing business score (DB17-20 methodology),IC.BUS.EASE.DFRN.XQ.DB1719,49.55865,50.27484,54.01704,54.37982,59.275
Serbia,SRB,Global: Ease of doing business score (DB17-20 methodology),IC.BUS.EASE.DFRN.XQ.DB1719,69.96245,73.27635,73.75306,73.92341,75.65345
Seychelles,SYC,Global: Ease of doing business score (DB17-20 methodology),IC.BUS.EASE.DFRN.XQ.DB1719,58.95821,60.50169,61.51062,61.50211,61.70497
Sierra Leone,SLE,Global: Ease of doing business score (DB17-20 methodology),IC.BUS.EASE.DFRN.XQ.DB1719,46.8995,47.21918,47.08868,47.24268,47.45831
Singapore,SGP,Global: Ease of doing business score (DB17-20 methodology),IC.BUS.EASE.DFRN.XQ.DB1719,84.89222,85.44138,85.57215,85.84348,86.1981
Slovak Republic,SVK,Global: Ease of doing business score (DB17-20 methodology),IC.BUS.EASE.DFRN.XQ.DB1719,74.84151,75.03118,75.15124,75.445,75.58542
Slovenia,SVN,Global: Ease of doing business score (DB17-20 methodology),IC.BUS.EASE.DFRN.XQ.DB1719,74.71274,75.41048,76.39486,76.4142,76.51751
Solomon Islands,SLB,Global: Ease of doing business score (DB17-20 methodology),IC.BUS.EASE.DFRN.XQ.DB1719,54.71827,55.11571,54.87857,55.20356,55.26279
Somalia,SOM,Global: Ease of doing business score (DB17-20 methodology),IC.BUS.EASE.DFRN.XQ.DB1719,20.23995,20.28589,19.9777,20.04146,20.03958
South Africa,ZAF,Global: Ease of doing business score (DB17-20 methodology),IC.BUS.EASE.DFRN.XQ.DB1719,66.24035,65.40686,65.32778,66.69548,67.01897
South Sudan,SSD,Global: Ease of doing business score (DB17-20 methodology),IC.BUS.EASE.DFRN.XQ.DB1719,32.83657,32.69356,31.64063,33.64187,34.62285
Spain,ESP,Global: Ease of doing business score (DB17-20 methodology),IC.BUS.EASE.DFRN.XQ.DB1719,75.92621,77.63075,77.62772,77.69995,77.93588
Sri Lanka,LKA,Global: Ease of doing business score (DB17-20 methodology),IC.BUS.EASE.DFRN.XQ.DB1719,59.18186,59.82373,59.95122,61.75867,61.80614
St. Kitts and Nevis,KNA,Global: Ease of doing business score (DB17-20 methodology),IC.BUS.EASE.DFRN.XQ.DB1719,55.59384,54.42189,54.60143,54.60701,54.63689
St. Lucia,LCA,Global: Ease of doing business score (DB17-20 methodology),IC.BUS.EASE.DFRN.XQ.DB1719,63.50018,63.47845,63.57439,63.62984,63.6504
St. Vincent and the Grenadines,VCT,Global: Ease of doing business score (DB17-20 methodology),IC.BUS.EASE.DFRN.XQ.DB1719,57.07066,56.96928,56.97521,56.98254,57.0869
Sudan,SDN,Global: Ease of doing business score (DB17-20 methodology),IC.BUS.EASE.DFRN.XQ.DB1719,45.52208,44.82494,45.00301,48.01814,44.82932
Suriname,SUR,Global: Ease of doing business score (DB17-20 methodology),IC.BUS.EASE.DFRN.XQ.DB1719,46.42834,47.39893,47.40665,47.43149,47.46427
Sweden,SWE,Global: Ease of doing business score (DB17-20 methodology),IC.BUS.EASE.DFRN.XQ.DB1719,81.63208,82.15071,82.17491,82.01848,81.99155
Switzerland,CHE,Global: Ease of doing business score (DB17-20 methodology),IC.BUS.EASE.DFRN.XQ.DB1719,76.42844,76.42092,76.60784,76.61632,76.61864
Syrian Arab Republic,SYR,Global: Ease of doing business score (DB17-20 methodology),IC.BUS.EASE.DFRN.XQ.DB1719,42.96399,41.37479,41.44563,41.47442,41.96812
"Taiwan, China",TWN,Global: Ease of doing business score (DB17-20 methodology),IC.BUS.EASE.DFRN.XQ.DB1719,81.31237,80.31975,80.72856,80.99657,80.92023
Tajikistan,TJK,Global: Ease of doing business score (DB17-20 methodology),IC.BUS.EASE.DFRN.XQ.DB1719,51.84299,53.43689,54.34213,55.38718,61.26761
Tanzania,TZA,Global: Ease of doing business score (DB17-20 methodology),IC.BUS.EASE.DFRN.XQ.DB1719,49.69225,53.86676,53.98306,54.28952,54.46329
Thailand,THA,Global: Ease of doing business score (DB17-20 methodology),IC.BUS.EASE.DFRN.XQ.DB1719,71.94455,72.79843,78.45338,79.51709,80.09233
Timor-Leste,TLS,Global: Ease of doing business score (DB17-20 methodology),IC.BUS.EASE.DFRN.XQ.DB1719,39.3307,38.17997,37.98983,39.69791,39.36487
Togo,TGO,Global: Ease of doing business score (DB17-20 methodology),IC.BUS.EASE.DFRN.XQ.DB1719,46.92875,48.10323,48.7524,55.26888,62.28934
Tonga,TON,Global: Ease of doing business score (DB17-20 methodology),IC.BUS.EASE.DFRN.XQ.DB1719,61.32947,61.14383,61.57496,61.65064,61.38921
Trinidad and Tobago,TTO,Global: Ease of doing business score (DB17-20 methodology),IC.BUS.EASE.DFRN.XQ.DB1719,61.41725,61.34535,61.15191,61.03242,61.29128
Tunisia,TUN,Global: Ease of doing business score (DB17-20 methodology),IC.BUS.EASE.DFRN.XQ.DB1719,64.56559,65.54085,65.29842,67.22278,68.65706
Turkey,TUR,Global: Ease of doing business score (DB17-20 methodology),IC.BUS.EASE.DFRN.XQ.DB1719,69.14468,69.37882,70.9145,75.25248,76.79104
Uganda,UGA,Global: Ease of doing business score (DB17-20 methodology),IC.BUS.EASE.DFRN.XQ.DB1719,56.6304,57.28983,57.87464,58.38634,59.9818
Ukraine,UKR,Global: Ease of doing business score (DB17-20 methodology),IC.BUS.EASE.DFRN.XQ.DB1719,64.18277,65.41773,68.08579,69.07387,70.2106
United Arab Emirates,ARE,Global: Ease of doing business score (DB17-20 methodology),IC.BUS.EASE.DFRN.XQ.DB1719,76.28546,77.43435,79.30036,81.58883,80.75261
United Kingdom,GBR,Global: Ease of doing business score (DB17-20 methodology),IC.BUS.EASE.DFRN.XQ.DB1719,83.33719,83.34108,83.21535,83.55123,83.54968
United States,USA,Global: Ease of doing business score (DB17-20 methodology),IC.BUS.EASE.DFRN.XQ.DB1719,83.59247,83.58991,83.59008,83.57395,83.99668
Uruguay,URY,Global: Ease of doing business score (DB17-20 methodology),IC.BUS.EASE.DFRN.XQ.DB1719,60.1749,60.68692,61.031,61.36826,61.53994
Uzbekistan,UZB,Global: Ease of doing business score (DB17-20 methodology),IC.BUS.EASE.DFRN.XQ.DB1719,61.6759,62.09399,66.61398,67.75199,69.87898
Vanuatu,VUT,Global: Ease of doing business score (DB17-20 methodology),IC.BUS.EASE.DFRN.XQ.DB1719,59.34431,60.9024,60.92111,60.72518,61.05191
"Venezuela, RB",VEN,Global: Ease of doing business score (DB17-20 methodology),IC.BUS.EASE.DFRN.XQ.DB1719,34.12824,31.12013,30.03484,32.14349,30.23634
Vietnam,VNM,Global: Ease of doing business score (DB17-20 methodology),IC.BUS.EASE.DFRN.XQ.DB1719,62.60371,65.28861,66.9796,68.56869,69.76594
West Bank and Gaza,PSE,Global: Ease of doing business score (DB17-20 methodology),IC.BUS.EASE.DFRN.XQ.DB1719,54.17414,55.48372,59.27638,59.66608,59.97873
"Yemen, Rep.",YEM,Global: Ease of doing business score (DB17-20 methodology),IC.BUS.EASE.DFRN.XQ.DB1719,38.4318,31.20833,31.26677,30.67289,31.76299
Zambia,ZMB,Global: Ease of doing business score (DB17-20 methodology),IC.BUS.EASE.DFRN.XQ.DB1719,60.45046,60.25434,64.23311,65.7117,66.93648
Zimbabwe,ZWE,Global: Ease of doing business score (DB17-20 methodology),IC.BUS.EASE.DFRN.XQ.DB1719,47.80355,47.79435,48.58986,50.50998,54.46935
,,,,,,,,
,,,,,,,,
,,,,,,,,
Data from database: Doing Business,,,,,,,,
Last Updated: 08/18/2021,,,,,,,,
